timeStamp,elapsed,label,responseCode,responseMessage,threadName,dataType,success,failureMessage,bytes,sentBytes,grpThreads,allThreads,URL,Latency,IdleTime,Connect
1.7105E+12,716,User Login,200,OK,Demo Transaction API 1-1,text,TRUE,,618,312,1,1,https://dmoney.roadtocareer.net/user/login,713,0,690
1.7105E+12,169,User List,200,OK,Demo Transaction API 1-1,text,TRUE,,58387,419,1,1,https://dmoney.roadtocareer.net/user/list,161,0,0
1.7105E+12,23,Create agent,201,Created,Demo Transaction API 1-1,text,TRUE,,606,618,1,1,https://dmoney.roadtocareer.net/user/create,23,0,0
1.7105E+12,19,Create customer,201,Created,Demo Transaction API 1-1,text,TRUE,,615,627,1,1,https://dmoney.roadtocareer.net/user/create,19,0,0
1.7105E+12,26,System deposit to agent,201,Created,Demo Transaction API 1-1,text,TRUE,,443,536,1,1,https://dmoney.roadtocareer.net/transaction/deposit,26,0,0
1.7105E+12,28,Agent deposit to customer,201,Created,Demo Transaction API 1-1,text,TRUE,,437,541,1,1,https://dmoney.roadtocareer.net/transaction/deposit,28,0,0
1.7105E+12,13,Check customer balance,200,OK,Demo Transaction API 1-1,text,TRUE,,377,441,1,1,https://dmoney.roadtocareer.net/transaction/balance/01126528565,13,0,0
1.7105E+12,21,Customer withdraw money,201,Created,Demo Transaction API 1-1,text,TRUE,,429,541,1,1,https://dmoney.roadtocareer.net/transaction/withdraw,21,0,0
1.7105E+12,23,Customer pay to merchant,201,Created,Demo Transaction API 1-1,text,TRUE,,428,540,1,1,https://dmoney.roadtocareer.net/transaction/payment,23,0,0
